,Site,Predictions
0,AU-ASM,"[[0.45985913]
 [0.21022333]
 [0.20483156]
 ...
 [0.25879306]
 [0.37894547]
 [0.368263  ]]"
1,AU-DaP,"[[6.3145156]
 [5.7293973]
 [6.5316553]
 ...
 [5.9320374]
 [6.245214 ]
 [6.641463 ]]"
2,AU-DaS,"[[6.924749 ]
 [5.249609 ]
 [5.5705194]
 ...
 [3.7514217]
 [3.5241487]
 [4.5602245]]"
3,AU-Fog,"[[1.7955965]
 [1.5830505]
 [1.5480798]
 ...
 [1.5107661]
 [1.4249134]
 [1.1884992]]"
4,AU-How,"[[6.8475122]
 [7.1023984]
 [7.605115 ]
 ...
 [4.8639655]
 [4.7932787]
 [4.885354 ]]"
5,AU-Stp,"[[0.75074226]
 [1.5116155 ]
 [3.9038343 ]
 ...
 [3.2611356 ]
 [2.0932968 ]
 [1.9909028 ]]"
6,AU-Whr,"[[6.380658 ]
 [6.034239 ]
 [5.5661783]
 ...
 [4.3277745]
 [4.6116285]
 [5.8308086]]"
7,AU-Wom,"[[ 9.615558 ]
 [10.0737505]
 [ 9.872955 ]
 ...
 [ 9.652478 ]
 [ 9.241651 ]
 [10.395987 ]]"
8,BE-Bra,"[[0.5824702 ]
 [0.5918374 ]
 [0.482435  ]
 ...
 [0.60150135]
 [0.8866979 ]
 [1.0567384 ]]"
9,BE-Vie,"[[0.6956801 ]
 [0.69938767]
 [0.5879339 ]
 ...
 [0.33168307]
 [0.49965456]
 [0.6633133 ]]"
10,CH-Fru,"[[0.5838602 ]
 [0.43613216]
 [0.22280833]
 ...
 [0.0366036 ]
 [0.18204553]
 [0.17873935]]"
11,CH-Lae,"[[0.33680487]
 [0.32626808]
 [0.11496048]
 ...
 [0.01408695]
 [0.12108546]
 [0.21156804]]"
12,CH-Oe1,"[[0.20731382]
 [0.22106837]
 [0.15447243]
 ...
 [0.2642109 ]
 [0.19660978]
 [0.3072496 ]]"
13,CN-Qia,"[[0.714017  ]
 [0.0107343 ]
 [0.77800876]
 ...
 [1.0343691 ]
 [0.5584029 ]
 [0.4045842 ]]"
14,CZ-wet,"[[0.18431526]
 [0.2293232 ]
 [0.2307953 ]
 ...
 [0.08868061]
 [0.07896064]
 [0.21916175]]"
15,DE-Geb,"[[ 0.10769419]
 [ 0.48329723]
 [ 0.47614008]
 ...
 [-0.00272951]
 [ 0.21059933]
 [ 0.43715683]]"
16,DE-Gri,"[[0.2720697 ]
 [0.13826482]
 [0.02335439]
 ...
 [0.1335298 ]
 [0.16372634]
 [0.44334537]]"
17,DE-Hai,"[[0.3395681 ]
 [0.3388538 ]
 [0.3743365 ]
 ...
 [0.5400418 ]
 [0.5365326 ]
 [0.46022063]]"
18,DE-Kli,"[[ 0.346682  ]
 [ 0.12842402]
 [ 0.29670295]
 ...
 [-0.00718597]
 [ 0.04537463]
 [ 0.18707252]]"
19,DE-Obe,"[[ 0.26680934]
 [ 0.13264075]
 [-0.03049794]
 ...
 [ 0.09234354]
 [ 0.15198156]
 [ 0.39009932]]"
20,DE-RuR,"[[0.25245878]
 [0.26154345]
 [0.23686063]
 ...
 [0.13961232]
 [0.26365745]
 [0.3437549 ]]"
21,DE-Spw,"[[0.12816347]
 [0.11196342]
 [0.10223199]
 ...
 [0.08881742]
 [0.09945263]
 [0.14177921]]"
22,DE-Tha,"[[ 0.04611811]
 [-0.00189079]
 [ 0.04069356]
 ...
 [ 0.03749136]
 [ 0.10222638]
 [ 0.3108495 ]]"
23,DK-Sor,"[[-0.04012455]
 [ 0.0122196 ]
 [ 0.07102323]
 ...
 [ 0.08482455]
 [ 0.149957  ]
 [ 0.4196155 ]]"
24,FI-Hyy,"[[-0.05142146]
 [ 0.03884816]
 [ 0.10213438]
 ...
 [-0.2777716 ]
 [ 0.02682388]
 [ 0.30892012]]"
25,FI-Sod,"[[ 0.13427457]
 [ 0.20055902]
 [ 0.15390633]
 ...
 [-0.1859234 ]
 [ 0.13580538]
 [ 0.23184367]]"
26,FR-Fon,"[[0.477785  ]
 [0.4641389 ]
 [0.40751356]
 ...
 [0.25195396]
 [0.44771114]
 [0.45523742]]"
27,FR-LBr,"[[0.6754804]
 [0.7597962]
 [1.0861186]
 ...
 [0.872823 ]
 [0.8904121]
 [1.5103017]]"
28,FR-Pue,"[[1.4265076]
 [1.6356299]
 [1.5407295]
 ...
 [0.8368226]
 [1.5204202]
 [1.6071624]]"
29,IT-Cp2,"[[1.8532366]
 [1.8291819]
 [1.055073 ]
 ...
 [2.1614554]
 [1.8737942]
 [1.8085121]]"
30,IT-Isp,"[[ 0.9348675 ]
 [ 0.8086128 ]
 [ 1.0025623 ]
 [ 1.0943342 ]
 [ 1.3100882 ]
 [ 1.1637332 ]
 [ 1.1711638 ]
 [ 0.972429  ]
 [ 0.78143597]
 [ 1.0000558 ]
 [ 1.0839624 ]
 [ 0.86725444]
 [ 0.9380948 ]
 [ 0.8996772 ]
 [ 0.69797295]
 [ 0.64709187]
 [ 0.56042147]
 [ 0.9308351 ]
 [ 0.64533186]
 [ 0.61956716]
 [ 0.9800326 ]
 [ 1.5473902 ]
 [ 1.0563428 ]
 [ 1.324579  ]
 [ 1.3078773 ]
 [ 1.210118  ]
 [ 1.0078754 ]
 [ 0.9049804 ]
 [ 1.1753788 ]
 [ 1.4647846 ]
 [ 1.3624368 ]
 [ 1.565644  ]
 [ 0.64383143]
 [ 0.6109209 ]
 [ 1.174993  ]
 [ 0.88631934]
 [ 1.9194314 ]
 [ 1.0001009 ]
 [ 0.7891837 ]
 [ 0.66951805]
 [ 0.68265647]
 [ 0.5129767 ]
 [ 1.6486523 ]
 [ 1.0569336 ]
 [ 1.1004943 ]
 [ 1.2102938 ]
 [ 1.2122102 ]
 [ 1.0287445 ]
 [ 1.4795723 ]
 [ 1.5643456 ]
 [ 1.6248374 ]
 [ 0.6979768 ]
 [ 1.1697619 ]
 [ 1.1251131 ]
 [ 0.957985  ]
 [ 1.0642971 ]
 [ 1.557589  ]
 [ 1.512372  ]
 [ 1.6984303 ]
 [ 1.9980953 ]
 [ 2.1653981 ]
 [ 2.3208828 ]
 [ 2.2204816 ]
 [ 1.5830238 ]
 [ 0.82790905]
 [ 1.4478271 ]
 [ 1.2713985 ]
 [ 2.5542228 ]
 [ 3.8892405 ]
 [ 3.387004  ]
 [ 2.426147  ]
 [ 2.836493  ]
 [ 0.8381732 ]
 [ 0.72243714]
 [ 1.5626395 ]
 [ 0.8883591 ]
 [ 1.0993242 ]
 [ 2.6793523 ]
 [ 1.7920902 ]
 [ 1.8992281 ]
 [ 2.6500132 ]
 [ 1.5863674 ]
 [ 1.0528803 ]
 [ 1.4437189 ]
 [ 1.7228231 ]
 [ 1.4496174 ]
 [ 1.335146  ]
 [ 3.7709937 ]
 [ 1.0528328 ]
 [ 2.2246466 ]
 [ 2.4437695 ]
 [ 4.1445804 ]
 [ 4.455104  ]
 [ 1.8629177 ]
 [ 3.1347823 ]
 [ 5.11254   ]
 [ 5.2404337 ]
 [ 1.2593203 ]
 [ 1.892488  ]
 [ 5.153768  ]
 [ 1.7772713 ]
 [ 5.9610763 ]
 [ 4.6172543 ]
 [ 5.109346  ]
 [ 5.872745  ]
 [ 6.2122025 ]
 [ 6.561745  ]
 [ 6.6519046 ]
 [ 3.7147455 ]
 [ 0.5424404 ]
 [ 4.12536   ]
 [ 6.9247355 ]
 [ 7.6996684 ]
 [ 8.395197  ]
 [ 7.5103545 ]
 [ 2.7826254 ]
 [ 3.4948702 ]
 [ 3.9525542 ]
 [ 1.1767316 ]
 [ 3.042335  ]
 [ 7.2452173 ]
 [ 8.736961  ]
 [ 6.6865005 ]
 [ 8.441357  ]
 [ 7.3326373 ]
 [ 8.015981  ]
 [ 9.443091  ]
 [ 9.533211  ]
 [ 7.779192  ]
 [ 5.711213  ]
 [10.009887  ]
 [ 7.680716  ]
 [ 9.110269  ]
 [ 8.325259  ]
 [ 3.8506873 ]
 [ 0.94712365]
 [ 7.6089363 ]
 [ 4.6876693 ]
 [ 8.842735  ]
 [ 7.7307954 ]
 [ 6.736445  ]
 [ 8.21765   ]
 [ 8.026614  ]
 [ 7.122999  ]
 [ 5.886782  ]
 [ 7.9488134 ]
 [ 9.326646  ]
 [ 5.180726  ]
 [ 8.550778  ]
 [ 8.914     ]
 [ 6.642262  ]
 [ 8.349618  ]
 [ 4.9368563 ]
 [ 8.274795  ]
 [ 9.364495  ]
 [10.196795  ]
 [ 9.65406   ]
 [ 9.564947  ]
 [ 9.106488  ]
 [ 3.7930984 ]
 [10.543363  ]
 [ 8.62812   ]
 [ 7.308351  ]
 [ 9.045243  ]
 [ 7.8699846 ]
 [ 9.949405  ]
 [ 9.004874  ]
 [ 9.6553335 ]
 [ 8.906689  ]
 [ 9.602145  ]
 [ 6.6286116 ]
 [ 9.693252  ]
 [ 9.788056  ]
 [ 8.755853  ]
 [ 6.6441407 ]
 [ 6.045758  ]
 [ 8.731712  ]
 [ 6.597049  ]
 [10.4747505 ]
 [ 8.043653  ]
 [ 9.617698  ]
 [ 9.9318695 ]
 [10.391119  ]
 [ 5.783686  ]
 [10.484309  ]
 [ 9.940339  ]
 [10.112399  ]
 [10.357605  ]
 [ 9.809311  ]
 [10.374871  ]
 [10.154303  ]
 [10.829631  ]
 [10.72402   ]
 [10.11873   ]
 [10.8612995 ]
 [10.665725  ]
 [10.311299  ]
 [ 6.6712084 ]
 [ 8.334836  ]
 [ 9.987978  ]
 [ 9.458755  ]
 [ 9.718716  ]
 [ 9.074978  ]
 [ 9.65687   ]
 [ 9.451458  ]
 [10.29438   ]
 [ 9.872472  ]
 [ 9.8438635 ]
 [ 9.599885  ]
 [ 4.5074096 ]
 [ 9.574002  ]
 [ 9.754306  ]
 [ 9.750494  ]
 [ 9.233419  ]
 [ 8.223409  ]
 [ 9.067973  ]
 [ 9.556655  ]
 [ 8.2405405 ]
 [ 7.2889595 ]
 [ 3.093459  ]
 [ 9.735629  ]
 [ 8.255299  ]
 [ 9.468778  ]
 [ 9.448966  ]
 [ 9.81513   ]
 [ 6.3358893 ]
 [10.1693735 ]
 [ 9.963337  ]
 [ 9.739185  ]
 [ 9.618415  ]
 [ 7.3180337 ]
 [ 7.7217464 ]
 [ 9.091209  ]
 [ 9.266982  ]
 [ 8.908487  ]
 [ 8.360486  ]
 [ 9.716033  ]
 [ 7.108386  ]
 [ 9.255092  ]
 [ 9.630974  ]
 [ 9.075529  ]
 [ 9.541957  ]
 [ 9.655885  ]
 [ 9.422317  ]
 [ 8.802015  ]
 [ 8.965322  ]
 [ 9.039435  ]
 [ 8.954195  ]
 [ 8.589831  ]
 [ 8.307244  ]
 [ 4.7012196 ]
 [ 8.348912  ]
 [ 7.2761626 ]
 [ 7.0636044 ]
 [ 8.393119  ]
 [ 7.6805797 ]
 [ 7.9609284 ]
 [ 1.2570658 ]
 [ 6.5570107 ]
 [ 7.702418  ]
 [ 8.224706  ]
 [ 8.244661  ]
 [ 8.354286  ]
 [ 8.270013  ]
 [ 7.533132  ]
 [ 8.14665   ]
 [ 8.023237  ]
 [ 5.547072  ]
 [ 7.089578  ]
 [ 5.099339  ]
 [ 4.1665173 ]
 [ 0.973648  ]
 [ 3.2773051 ]
 [ 4.8873525 ]
 [ 3.753736  ]
 [ 2.9041002 ]
 [ 3.2109523 ]
 [ 4.7583237 ]
 [ 2.5668292 ]
 [ 3.9070542 ]
 [ 4.943011  ]
 [ 6.0551677 ]
 [ 0.7226052 ]
 [ 6.0699606 ]
 [ 3.6823602 ]
 [ 1.1235774 ]
 [ 1.8933456 ]
 [ 3.263488  ]
 [ 5.498149  ]
 [ 4.945489  ]
 [ 5.029264  ]
 [ 3.670111  ]
 [ 1.4675534 ]
 [ 2.7247298 ]
 [ 1.0910689 ]
 [ 0.7973181 ]
 [ 1.8854821 ]
 [ 3.4828868 ]
 [ 4.718351  ]
 [ 1.256285  ]
 [ 3.0140524 ]
 [ 1.87747   ]
 [ 1.9713233 ]
 [ 1.1899271 ]
 [ 3.0120676 ]
 [ 2.0061808 ]
 [ 3.494275  ]
 [ 1.3117757 ]
 [ 3.7715116 ]
 [ 3.3164783 ]
 [ 3.4498816 ]
 [ 1.2841015 ]
 [ 3.6576128 ]
 [ 0.9869569 ]
 [ 0.701258  ]
 [ 1.9114246 ]
 [ 2.2289553 ]
 [ 0.9028435 ]
 [ 0.61343336]
 [ 2.3583362 ]
 [ 1.758204  ]
 [ 1.04421   ]
 [ 0.6298717 ]
 [ 0.8327724 ]
 [ 0.6496639 ]
 [ 0.51057756]
 [ 0.95087785]
 [ 1.5904012 ]
 [ 1.0206168 ]
 [ 1.0446908 ]
 [ 0.9449846 ]
 [ 1.0955431 ]
 [ 1.2512057 ]
 [ 0.7761972 ]
 [ 1.124399  ]
 [ 1.2612333 ]
 [ 1.2733502 ]
 [ 1.3540351 ]
 [ 1.5159781 ]
 [ 1.598861  ]
 [ 1.6103799 ]
 [ 1.2958562 ]
 [ 1.0384393 ]
 [ 1.3252745 ]
 [ 1.3069394 ]
 [ 1.239558  ]
 [ 1.3397021 ]
 [ 1.3309789 ]
 [ 1.1917992 ]
 [ 1.1162176 ]
 [ 1.17381   ]
 [ 1.0379819 ]
 [ 0.36374232]
 [ 0.52053016]
 [ 0.86748654]
 [ 0.90237397]
 [ 1.1777616 ]
 [ 0.70517606]
 [-0.1591655 ]
 [ 0.03966649]
 [ 1.0066209 ]
 [ 0.37356323]
 [ 1.1457818 ]
 [ 0.8960736 ]
 [ 0.92250246]
 [ 0.9499609 ]
 [ 0.7190876 ]
 [ 0.83424467]
 [ 0.38919944]
 [ 0.59156275]
 [ 1.045574  ]
 [ 1.1359258 ]
 [ 1.1561409 ]
 [ 1.2174599 ]
 [ 1.2279291 ]
 [ 0.8991098 ]
 [ 1.3646693 ]
 [ 0.8351854 ]
 [ 0.5425217 ]
 [ 1.215848  ]
 [ 0.4513293 ]
 [ 0.34841615]
 [ 0.45516104]
 [ 0.53786516]
 [ 1.1301631 ]
 [ 1.4985778 ]
 [ 1.5060878 ]
 [ 1.3102922 ]
 [ 0.8686306 ]
 [ 0.9897326 ]
 [ 1.0283685 ]
 [ 1.0500805 ]
 [ 0.98373634]
 [ 0.6987033 ]
 [ 0.4219393 ]
 [ 0.7240163 ]
 [ 0.38802582]
 [ 1.0310776 ]
 [ 0.7029418 ]
 [ 0.51359427]
 [ 0.3436131 ]
 [ 1.6196065 ]
 [ 0.34299037]
 [ 0.93384004]
 [ 2.042855  ]
 [ 0.42061904]
 [ 2.0411634 ]
 [ 1.4153802 ]
 [ 0.6444435 ]
 [ 1.4823623 ]
 [ 0.93400717]
 [ 0.83372396]
 [ 2.099497  ]
 [ 2.2611442 ]
 [ 0.65700233]
 [ 2.8413668 ]
 [ 2.566753  ]
 [ 1.768878  ]
 [ 2.2382436 ]
 [ 2.0044951 ]
 [ 1.9210162 ]
 [ 0.5262506 ]
 [ 1.701056  ]
 [ 0.77471554]
 [ 0.36688083]
 [ 3.4062047 ]
 [ 1.3890765 ]
 [ 2.9045248 ]
 [ 2.513269  ]
 [ 1.8141034 ]
 [ 2.174801  ]
 [ 2.5105534 ]
 [ 2.7627692 ]
 [ 2.570321  ]
 [ 2.7053628 ]
 [ 2.617362  ]
 [ 2.9333167 ]
 [ 3.102239  ]
 [ 3.1143274 ]
 [ 2.9096775 ]
 [ 2.4418068 ]
 [ 4.596744  ]
 [ 3.4398732 ]
 [ 3.7036505 ]
 [ 4.136012  ]
 [ 1.0084832 ]
 [ 0.9200839 ]
 [ 2.7524014 ]
 [ 3.0776842 ]
 [ 2.1726077 ]
 [ 3.8076692 ]
 [ 4.024522  ]
 [ 4.084652  ]
 [ 4.236501  ]
 [ 4.748111  ]
 [ 5.6349254 ]
 [ 5.467666  ]
 [ 3.540012  ]
 [ 6.2247014 ]
 [ 6.9410386 ]
 [ 7.225255  ]
 [ 6.4352965 ]
 [ 5.582356  ]
 [ 5.0384464 ]
 [ 6.752032  ]
 [ 7.596046  ]
 [ 8.007012  ]
 [ 7.8764224 ]
 [ 8.491852  ]
 [ 5.372198  ]
 [ 6.069809  ]
 [ 6.8051553 ]
 [ 5.3859773 ]
 [ 2.1014936 ]
 [ 8.413462  ]
 [ 2.5289977 ]
 [ 9.444176  ]
 [ 8.585344  ]
 [ 8.266751  ]
 [ 8.714576  ]
 [ 8.468972  ]
 [ 3.8202994 ]
 [ 2.0268555 ]
 [ 8.560724  ]
 [ 4.6062684 ]
 [ 9.567003  ]
 [ 3.9281816 ]
 [ 8.043024  ]
 [ 7.472709  ]
 [ 8.659657  ]
 [ 7.0386033 ]
 [ 4.1923695 ]
 [ 9.127949  ]
 [ 9.703858  ]
 [ 8.369315  ]
 [ 7.4284883 ]
 [ 7.741222  ]
 [ 7.171325  ]
 [ 6.8279357 ]
 [ 5.9400144 ]
 [ 4.8714957 ]
 [ 9.223666  ]
 [ 9.823554  ]
 [ 8.616827  ]
 [ 8.2816515 ]
 [ 9.613225  ]
 [ 5.22134   ]
 [ 9.415015  ]
 [10.66962   ]
 [ 9.36591   ]
 [ 6.3205686 ]
 [10.654443  ]
 [ 9.841086  ]
 [10.725206  ]
 [ 9.641522  ]
 [ 9.346814  ]
 [10.150911  ]
 [ 9.522061  ]
 [ 8.900791  ]
 [ 6.7988315 ]
 [10.064967  ]
 [ 9.596375  ]
 [ 9.495112  ]
 [ 9.172458  ]
 [ 9.187772  ]
 [ 8.704485  ]
 [ 8.533981  ]
 [ 8.345607  ]
 [ 9.389716  ]
 [ 8.911957  ]
 [ 5.115462  ]
 [10.258517  ]
 [ 9.143497  ]
 [ 9.397714  ]
 [ 9.776737  ]
 [ 9.106111  ]
 [ 9.873347  ]
 [ 9.290069  ]
 [ 8.012353  ]
 [ 9.593003  ]
 [ 9.255916  ]
 [ 6.857939  ]
 [ 8.230649  ]
 [ 7.8232493 ]
 [ 4.008238  ]
 [ 9.526765  ]
 [ 8.151096  ]
 [ 5.4795423 ]
 [10.395997  ]
 [ 4.111492  ]
 [11.338612  ]
 [ 9.81745   ]
 [ 7.163811  ]
 [ 3.4823332 ]
 [ 8.210306  ]
 [ 8.83467   ]
 [ 9.743868  ]
 [ 8.159737  ]
 [ 8.978369  ]
 [10.88252   ]
 [10.587147  ]
 [10.086337  ]
 [10.094811  ]
 [10.29176   ]
 [ 9.535928  ]
 [ 4.823932  ]
 [ 5.946761  ]
 [ 7.597019  ]
 [ 7.2193685 ]
 [ 9.014136  ]
 [11.717298  ]
 [ 8.641523  ]
 [11.125096  ]
 [ 7.8122106 ]
 [ 2.5769455 ]
 [ 8.207031  ]
 [10.677137  ]
 [ 7.2848644 ]
 [ 1.8517978 ]
 [ 7.2540026 ]
 [10.232363  ]
 [ 9.679292  ]
 [ 8.959189  ]
 [ 9.4285    ]
 [ 9.232977  ]
 [ 8.619019  ]
 [ 6.4202642 ]
 [ 7.755674  ]
 [ 9.132737  ]
 [ 4.213153  ]
 [ 9.109826  ]
 [ 9.707852  ]
 [10.872319  ]
 [ 9.478337  ]
 [ 6.824031  ]
 [ 3.3653753 ]
 [ 6.444708  ]
 [ 9.383424  ]
 [ 8.44778   ]
 [ 9.071044  ]
 [ 9.876333  ]
 [ 6.9712186 ]
 [ 6.5613265 ]
 [ 9.748115  ]
 [ 7.9708095 ]
 [10.454047  ]
 [ 9.630294  ]
 [ 6.5140386 ]
 [ 6.2625933 ]
 [ 7.6337595 ]
 [ 5.848826  ]
 [ 7.250201  ]
 [ 5.0499344 ]
 [10.289578  ]
 [10.11698   ]
 [10.164814  ]
 [ 7.0522017 ]
 [ 7.4025164 ]
 [ 9.481651  ]
 [ 9.044837  ]
 [ 9.008691  ]
 [ 9.480111  ]
 [ 8.0392275 ]
 [ 7.753925  ]
 [ 6.952829  ]
 [ 2.9264126 ]
 [ 3.5296304 ]
 [ 7.930881  ]
 [ 8.77748   ]
 [ 6.3585234 ]
 [ 7.518595  ]
 [ 6.7386017 ]
 [ 7.9887676 ]
 [ 7.7279854 ]
 [ 8.329121  ]
 [ 7.074556  ]
 [ 7.7876587 ]
 [ 4.6888905 ]
 [ 7.337189  ]
 [ 7.974509  ]
 [ 7.881419  ]
 [ 5.739959  ]
 [ 6.136865  ]
 [ 6.7645617 ]
 [ 1.9533544 ]
 [ 1.9559557 ]
 [ 3.0530386 ]
 [ 2.3944802 ]
 [ 1.9424717 ]
 [ 2.168401  ]
 [ 1.2972984 ]
 [ 4.5917354 ]
 [ 5.64501   ]
 [ 4.7125397 ]
 [ 6.697453  ]
 [ 6.2252464 ]
 [ 5.4379277 ]
 [ 4.2159257 ]
 [ 5.2666183 ]
 [ 2.5509129 ]
 [ 2.755073  ]
 [ 4.2656827 ]
 [ 2.558515  ]
 [ 2.2038066 ]
 [ 4.1606174 ]
 [ 4.1639137 ]
 [ 2.687008  ]
 [ 4.058466  ]
 [ 4.1573014 ]
 [ 4.2390795 ]
 [ 3.947557  ]
 [ 2.47202   ]
 [ 0.61277467]
 [ 0.6100154 ]
 [ 1.0267005 ]
 [ 3.7986703 ]
 [ 3.8346682 ]
 [ 2.6890025 ]
 [ 0.3503737 ]
 [ 0.56923693]
 [ 0.35325313]
 [ 2.4134607 ]
 [ 2.1797893 ]
 [ 0.18938746]
 [ 2.1163468 ]
 [ 0.3468136 ]
 [ 2.1944315 ]
 [ 1.8440714 ]
 [ 1.5588114 ]
 [ 1.5381675 ]
 [ 1.6427169 ]
 [ 1.7171264 ]
 [ 1.20895   ]
 [ 1.1812699 ]
 [ 0.8998909 ]
 [ 0.92791754]
 [ 0.5621505 ]
 [ 0.93665105]
 [ 0.7027942 ]
 [ 0.58300364]
 [ 1.3229923 ]
 [ 0.9906931 ]
 [ 0.91360587]
 [ 1.0685391 ]
 [ 1.2416301 ]
 [ 0.94389296]
 [ 1.1471045 ]
 [ 1.1082811 ]
 [ 0.9085595 ]
 [ 0.9660286 ]
 [ 0.9982448 ]
 [ 0.7466413 ]
 [ 0.67814887]
 [ 0.74177223]
 [ 0.70014507]
 [ 0.87628996]
 [ 1.0184824 ]
 [ 1.2759547 ]
 [ 1.1566024 ]
 [ 1.0918841 ]
 [ 1.0589056 ]
 [ 1.0824363 ]
 [ 0.76733935]
 [ 1.1340339 ]
 [ 0.67314553]
 [ 0.61025393]
 [ 0.6224719 ]
 [ 0.7145591 ]
 [ 0.7382897 ]
 [ 0.54634213]]"
31,IT-Lav,"[[1.4346342 ]
 [1.3446285 ]
 [1.3606205 ]
 ...
 [0.32967633]
 [0.2604639 ]
 [0.26657802]]"
32,IT-MBo,"[[ 0.34956992]
 [ 0.3675547 ]
 [ 0.31405947]
 ...
 [ 0.23339108]
 [ 0.09511644]
 [-0.054288  ]]"
33,IT-Noe,"[[1.7634511 ]
 [1.329615  ]
 [1.3836614 ]
 ...
 [0.49799058]
 [0.39283958]
 [0.2561385 ]]"
34,IT-PT1,"[[0.37817955]
 [0.3965895 ]
 [0.37140006]
 ...
 [0.65699303]
 [0.6440803 ]
 [0.7712126 ]]"
35,IT-SR2,"[[ 1.2794453 ]
 [ 0.5198113 ]
 [ 1.8693429 ]
 [ 2.5926845 ]
 [ 2.0289302 ]
 [ 2.191851  ]
 [ 3.0826588 ]
 [ 1.6767058 ]
 [ 2.142746  ]
 [ 2.3416376 ]
 [ 2.049485  ]
 [ 1.4375694 ]
 [ 0.7717329 ]
 [ 1.5244718 ]
 [ 0.8353995 ]
 [ 1.7279551 ]
 [ 1.6871498 ]
 [ 1.545303  ]
 [ 0.8326955 ]
 [ 1.5467966 ]
 [ 1.680328  ]
 [ 1.2254596 ]
 [ 1.7618304 ]
 [ 3.2428885 ]
 [ 2.2217724 ]
 [ 1.775219  ]
 [ 2.3968203 ]
 [ 1.2672981 ]
 [ 3.3306372 ]
 [ 2.2673247 ]
 [ 4.1697087 ]
 [ 4.450649  ]
 [ 1.3614572 ]
 [ 2.8169563 ]
 [ 2.8786602 ]
 [ 2.2010498 ]
 [ 3.711397  ]
 [ 2.893488  ]
 [ 2.0513375 ]
 [ 1.7841024 ]
 [ 2.7458773 ]
 [ 0.50179625]
 [ 2.3978448 ]
 [ 3.6107883 ]
 [ 3.7012055 ]
 [ 3.4492028 ]
 [ 3.7656274 ]
 [ 3.7493947 ]
 [ 3.4682128 ]
 [ 3.6332128 ]
 [ 1.5647415 ]
 [ 1.8234732 ]
 [ 2.3607125 ]
 [ 0.78305626]
 [ 2.4265103 ]
 [ 3.0443926 ]
 [ 4.8567643 ]
 [ 3.52022   ]
 [ 4.9115496 ]
 [ 1.9473975 ]
 [ 5.5393043 ]
 [ 5.213927  ]
 [ 5.6872187 ]
 [ 1.7138081 ]
 [ 1.3614192 ]
 [ 4.737669  ]
 [ 2.1590657 ]
 [ 3.9351566 ]
 [ 4.576812  ]
 [ 2.023075  ]
 [ 1.6681358 ]
 [ 3.7777052 ]
 [ 5.357119  ]
 [ 4.810692  ]
 [ 4.941452  ]
 [ 0.9115728 ]
 [ 1.1053767 ]
 [ 6.6133146 ]
 [ 1.6678612 ]
 [ 7.249593  ]
 [ 3.160668  ]
 [ 4.6100097 ]
 [ 3.1173015 ]
 [ 4.926675  ]
 [ 1.9910907 ]
 [ 4.253963  ]
 [ 3.6247177 ]
 [ 2.8508825 ]
 [ 1.8217912 ]
 [ 4.243059  ]
 [ 4.9566503 ]
 [ 3.7952154 ]
 [ 7.8254023 ]
 [ 2.2846303 ]
 [ 3.704036  ]
 [ 7.614548  ]
 [ 7.080781  ]
 [ 3.9140553 ]
 [ 7.681704  ]
 [ 7.1071787 ]
 [ 7.4809985 ]
 [ 5.486761  ]
 [ 7.7812366 ]
 [ 7.998454  ]
 [ 8.47241   ]
 [ 8.135493  ]
 [ 8.318779  ]
 [ 8.495963  ]
 [ 8.553443  ]
 [ 4.109817  ]
 [ 5.448353  ]
 [ 7.12524   ]
 [ 7.036106  ]
 [ 7.7949643 ]
 [ 5.136319  ]
 [ 5.0679955 ]
 [ 1.8686486 ]
 [ 6.3212256 ]
 [ 4.5055275 ]
 [ 6.4340277 ]
 [ 5.0028143 ]
 [ 5.1668015 ]
 [ 8.537315  ]
 [ 9.181098  ]
 [ 3.9236834 ]
 [ 7.9165425 ]
 [ 8.223599  ]
 [ 8.439438  ]
 [ 9.433031  ]
 [ 6.6893315 ]
 [ 8.537199  ]
 [ 9.264255  ]
 [ 9.246788  ]
 [ 9.491715  ]
 [ 5.089044  ]
 [ 2.809948  ]
 [ 7.594912  ]
 [ 6.2263556 ]
 [ 9.413629  ]
 [ 9.071997  ]
 [ 8.0894    ]
 [ 9.389412  ]
 [ 8.738256  ]
 [ 8.000381  ]
 [ 5.1338763 ]
 [10.401861  ]
 [ 9.352933  ]
 [ 8.004482  ]
 [ 9.101375  ]
 [ 8.750755  ]
 [ 8.996749  ]
 [ 9.982953  ]
 [10.196038  ]
 [ 7.6469626 ]
 [ 9.884679  ]
 [ 9.717892  ]
 [ 9.642479  ]
 [ 9.879098  ]
 [ 8.857057  ]
 [ 3.667007  ]
 [ 8.258247  ]
 [ 9.225466  ]
 [ 9.711388  ]
 [10.304622  ]
 [ 9.916177  ]
 [10.429611  ]
 [ 9.494691  ]
 [ 9.274856  ]
 [ 9.367697  ]
 [ 8.943557  ]
 [ 9.536285  ]
 [ 9.465655  ]
 [ 8.94498   ]
 [ 8.943761  ]
 [ 7.2795286 ]
 [ 9.736885  ]
 [ 9.018874  ]
 [ 8.193629  ]
 [ 8.960081  ]
 [ 7.847812  ]
 [ 9.07366   ]
 [ 8.79741   ]
 [ 8.243787  ]
 [ 7.8291206 ]
 [ 9.187452  ]
 [ 9.077705  ]
 [ 8.436033  ]
 [ 8.337024  ]
 [ 7.347105  ]
 [ 9.313466  ]
 [10.078741  ]
 [ 9.676901  ]
 [ 9.737845  ]
 [ 8.991861  ]
 [ 9.348891  ]
 [ 9.601427  ]
 [ 9.859481  ]
 [ 9.463543  ]
 [ 7.1392074 ]
 [ 8.64429   ]
 [ 8.695061  ]
 [ 8.143837  ]
 [ 8.822654  ]
 [ 9.717162  ]
 [ 9.577452  ]
 [ 8.594799  ]
 [ 9.627783  ]
 [ 9.030886  ]
 [ 8.04173   ]
 [ 5.840522  ]
 [ 8.742514  ]
 [ 7.808562  ]
 [ 7.128349  ]
 [ 7.462437  ]
 [ 8.455687  ]
 [ 8.393876  ]
 [ 8.858617  ]
 [ 8.216304  ]
 [ 5.9758844 ]
 [ 4.914623  ]
 [ 7.0740585 ]
 [ 7.654475  ]
 [ 7.228439  ]
 [ 7.8057175 ]
 [ 8.073239  ]
 [ 6.6050205 ]
 [ 6.679369  ]
 [ 6.626963  ]
 [ 7.317847  ]
 [ 7.8077555 ]
 [ 7.680983  ]
 [ 6.9058323 ]
 [ 6.305726  ]
 [ 6.7472067 ]
 [ 7.2832117 ]
 [ 7.561633  ]
 [ 7.2972755 ]
 [ 6.0305943 ]
 [ 7.0758057 ]
 [ 7.4687223 ]
 [ 7.4163613 ]
 [ 6.6078267 ]
 [ 6.437092  ]
 [ 6.195918  ]
 [ 6.443568  ]
 [ 6.4785995 ]
 [ 6.9071665 ]
 [ 6.8831477 ]
 [ 6.8305893 ]
 [ 7.486496  ]
 [ 5.2757983 ]
 [ 6.1262712 ]
 [ 4.249573  ]
 [ 6.485319  ]
 [ 6.576544  ]
 [ 6.6380014 ]
 [ 6.8778243 ]
 [ 3.4658449 ]
 [ 6.325524  ]
 [ 5.6179676 ]
 [ 5.0593596 ]
 [ 7.088246  ]
 [ 6.8236146 ]
 [ 6.999313  ]
 [ 6.355354  ]
 [ 6.1277485 ]
 [ 6.807943  ]
 [ 6.843275  ]
 [ 6.9027762 ]
 [ 5.0516005 ]
 [ 6.7117786 ]
 [ 1.992542  ]
 [ 6.4874845 ]
 [ 5.8340325 ]
 [ 6.075907  ]
 [ 5.2717543 ]
 [ 4.3012757 ]
 [ 1.7940438 ]
 [ 6.1129827 ]
 [ 5.283514  ]
 [ 6.0104923 ]
 [ 5.129435  ]
 [ 2.3426633 ]
 [ 4.9172673 ]
 [ 4.8972387 ]
 [ 3.6725254 ]
 [ 2.4928074 ]
 [ 3.833616  ]
 [ 5.9229774 ]
 [ 5.511179  ]
 [ 5.225071  ]
 [ 4.4120383 ]
 [ 2.631695  ]
 [ 2.1986234 ]
 [ 4.383627  ]
 [ 3.1780891 ]
 [ 4.6890254 ]
 [ 5.3214297 ]
 [ 4.542894  ]
 [ 3.8379793 ]
 [ 5.6416707 ]
 [ 4.5948544 ]
 [ 4.3240447 ]
 [ 4.802682  ]
 [ 4.700256  ]
 [ 3.279327  ]
 [ 4.7744327 ]
 [ 1.9095521 ]
 [ 3.9373515 ]
 [ 5.185752  ]
 [ 4.081378  ]
 [ 5.017181  ]
 [ 3.7377179 ]
 [ 2.3201113 ]
 [ 3.0549421 ]
 [ 3.8485951 ]
 [ 4.77352   ]
 [ 2.847986  ]
 [ 3.834521  ]
 [ 4.1353793 ]
 [ 3.0866828 ]
 [ 3.0085688 ]
 [ 4.27586   ]
 [ 3.7459877 ]
 [ 1.0093575 ]
 [ 1.8209316 ]
 [ 2.8240387 ]
 [ 3.9064982 ]
 [ 1.6003048 ]
 [ 1.511545  ]
 [ 1.2503176 ]
 [ 2.486506  ]
 [ 2.1660378 ]
 [ 1.8926461 ]
 [ 2.7536182 ]
 [ 1.9351133 ]
 [ 2.0865884 ]
 [ 2.2190158 ]
 [ 2.8487    ]
 [ 2.1860847 ]
 [ 3.2178915 ]
 [ 3.243404  ]
 [ 2.3351898 ]
 [ 3.4191403 ]
 [ 3.3478312 ]
 [ 3.2221625 ]
 [ 2.904674  ]
 [ 3.2046402 ]
 [ 3.0250478 ]
 [ 2.3579    ]
 [ 1.9257776 ]
 [ 1.6694448 ]
 [ 2.3297436 ]
 [ 2.2671773 ]
 [ 2.6896896 ]
 [ 1.1687702 ]
 [ 2.4453237 ]
 [ 2.4676428 ]
 [ 1.5070649 ]
 [ 1.0374515 ]
 [ 2.822281  ]
 [ 2.7316408 ]
 [ 1.3640016 ]
 [ 2.1990592 ]
 [ 1.2059879 ]
 [ 2.3213472 ]
 [ 0.5970156 ]
 [ 1.7361277 ]
 [ 1.3050745 ]
 [ 0.8865025 ]
 [ 2.48312   ]
 [ 2.2753656 ]
 [ 2.1568308 ]
 [ 2.3302357 ]
 [ 1.6079386 ]
 [ 2.4109385 ]
 [ 2.4827375 ]
 [ 1.552488  ]
 [ 0.85743475]
 [ 2.0365944 ]
 [ 1.4595437 ]
 [ 0.9095795 ]
 [ 0.77419996]
 [ 1.3335147 ]
 [ 2.505768  ]
 [ 2.7688034 ]
 [ 1.4453205 ]
 [ 1.5606176 ]
 [ 1.960357  ]
 [ 2.1732755 ]
 [ 2.2645051 ]
 [ 1.2678612 ]
 [ 3.2175565 ]
 [ 1.0636008 ]
 [ 0.5884948 ]
 [ 1.3426719 ]
 [ 1.7200956 ]
 [ 2.6416688 ]
 [ 2.527171  ]
 [ 2.0098379 ]
 [ 1.6658468 ]
 [ 3.651116  ]
 [ 1.7664042 ]
 [ 3.0438714 ]
 [ 3.5667965 ]
 [ 0.62724817]
 [ 4.9812818 ]
 [ 4.188972  ]
 [ 2.582078  ]
 [ 4.162368  ]
 [ 4.164904  ]
 [ 4.933679  ]
 [ 3.6458282 ]
 [ 3.3434196 ]
 [ 2.2857676 ]
 [ 3.3708663 ]
 [ 3.7597766 ]
 [ 4.7892127 ]
 [ 4.326473  ]
 [ 4.3737054 ]
 [ 4.2341943 ]
 [ 1.4110619 ]
 [ 3.7309127 ]
 [ 1.612226  ]
 [ 0.7988405 ]
 [ 4.265313  ]
 [ 2.1420248 ]
 [ 2.24937   ]
 [ 3.3672252 ]
 [ 3.8698726 ]
 [ 4.876371  ]
 [ 4.1852994 ]
 [ 4.5757976 ]
 [ 3.6198828 ]
 [ 3.2074456 ]
 [ 4.55953   ]
 [ 5.0924845 ]
 [ 5.540078  ]
 [ 5.734795  ]
 [ 5.9228935 ]
 [ 6.580721  ]
 [ 6.495428  ]
 [ 4.024983  ]
 [ 6.4247074 ]
 [ 6.175049  ]
 [ 3.463863  ]
 [ 3.7011077 ]
 [ 5.369058  ]
 [ 3.1959007 ]
 [ 2.7017853 ]
 [ 3.7120323 ]
 [ 6.553269  ]
 [ 6.6126165 ]
 [ 6.5291486 ]
 [ 6.9704924 ]
 [ 6.4342914 ]
 [ 5.707669  ]
 [ 4.3003592 ]
 [ 3.4145    ]
 [ 3.3895977 ]
 [ 7.1629405 ]
 [ 7.8900185 ]
 [ 7.661551  ]
 [ 8.147113  ]
 [ 8.477307  ]
 [ 8.467065  ]
 [ 8.059823  ]
 [ 6.286126  ]
 [ 9.051094  ]
 [ 6.251753  ]
 [ 7.081433  ]
 [ 7.8107076 ]
 [ 6.934124  ]
 [ 3.5608099 ]
 [ 8.7903595 ]
 [ 3.8759606 ]
 [ 8.313333  ]
 [ 9.614197  ]
 [ 8.009237  ]
 [ 8.345837  ]
 [ 9.840618  ]
 [ 4.661833  ]
 [ 4.7878942 ]
 [ 8.8411    ]
 [ 7.5631638 ]
 [ 9.588021  ]
 [ 3.846058  ]
 [ 7.1671724 ]
 [ 8.09828   ]
 [ 8.977705  ]
 [ 8.651641  ]
 [ 8.210985  ]
 [ 9.286994  ]
 [ 9.913631  ]
 [ 9.405275  ]
 [ 8.0332155 ]
 [ 7.905166  ]
 [ 8.372829  ]
 [ 8.832481  ]
 [ 8.710337  ]
 [ 7.947606  ]
 [ 8.105561  ]
 [ 8.877603  ]
 [ 4.443775  ]
 [ 9.110716  ]
 [ 9.147669  ]
 [ 7.144278  ]
 [ 8.391226  ]
 [ 9.603211  ]
 [ 8.992512  ]
 [ 9.528276  ]
 [ 7.6571736 ]
 [ 8.811915  ]
 [ 9.179317  ]
 [ 9.45511   ]
 [ 6.1347256 ]
 [ 8.686428  ]
 [ 9.04227   ]
 [ 9.090845  ]
 [ 8.569274  ]
 [ 9.056179  ]
 [ 8.509624  ]
 [ 8.926528  ]
 [ 9.106012  ]
 [ 8.44285   ]
 [ 8.441893  ]
 [ 9.333326  ]
 [ 9.69755   ]
 [ 9.87862   ]
 [ 8.695059  ]
 [ 2.9623766 ]
 [ 5.4221177 ]
 [ 7.020785  ]
 [ 8.027832  ]
 [ 8.082737  ]
 [ 7.9563365 ]
 [ 8.776398  ]
 [ 9.324609  ]
 [ 7.0365686 ]
 [ 8.461555  ]
 [ 7.942024  ]
 [ 6.0538383 ]
 [ 9.187382  ]
 [ 8.866632  ]
 [ 7.4729095 ]
 [ 8.884922  ]
 [ 8.824044  ]
 [ 8.576268  ]
 [ 8.56812   ]
 [ 5.383073  ]
 [ 8.403695  ]
 [ 8.545491  ]
 [ 5.9838824 ]
 [ 7.8825493 ]
 [ 7.05861   ]
 [ 7.0647573 ]
 [ 8.7134    ]
 [ 7.875413  ]
 [ 8.787307  ]
 [ 4.2216725 ]
 [ 9.198684  ]
 [ 8.961451  ]
 [ 8.84295   ]
 [ 9.346247  ]
 [ 8.997629  ]
 [ 5.2648897 ]
 [ 4.07916   ]
 [ 9.809828  ]
 [ 9.174517  ]
 [ 7.158696  ]
 [ 9.170416  ]
 [ 5.2221985 ]
 [ 8.782459  ]
 [ 9.92799   ]
 [ 3.854589  ]
 [ 6.8504944 ]
 [10.799581  ]
 [10.759667  ]
 [10.387222  ]
 [ 8.252443  ]
 [10.502375  ]
 [ 9.69252   ]
 [10.126974  ]
 [10.30862   ]
 [10.414302  ]
 [10.224182  ]
 [ 9.920954  ]
 [ 9.861773  ]
 [10.617483  ]
 [ 8.515032  ]
 [ 8.45763   ]
 [ 8.941191  ]
 [ 9.1991    ]
 [ 9.060525  ]
 [ 9.39574   ]
 [ 8.429834  ]
 [ 9.326103  ]
 [ 9.181784  ]
 [ 8.412777  ]
 [ 6.3873076 ]
 [ 7.750724  ]
 [ 9.125954  ]
 [ 9.155575  ]
 [ 9.254034  ]
 [ 9.843213  ]
 [ 9.196524  ]
 [ 9.639896  ]
 [ 9.507432  ]
 [ 7.899112  ]
 [ 8.037151  ]
 [ 7.5164704 ]
 [ 6.880457  ]
 [ 8.199219  ]
 [ 8.9725065 ]
 [ 8.847213  ]
 [ 8.783473  ]
 [ 8.713493  ]
 [ 3.7200124 ]
 [ 7.8944254 ]
 [ 7.4294744 ]
 [ 8.33224   ]
 [ 8.621942  ]
 [ 6.835432  ]
 [ 8.524667  ]
 [ 6.7859054 ]
 [ 7.1131325 ]
 [ 4.1522055 ]
 [ 9.057124  ]
 [ 7.598001  ]
 [ 7.579156  ]
 [ 6.6135893 ]
 [ 6.209901  ]
 [ 7.6716495 ]
 [ 7.1249123 ]
 [ 7.5478354 ]
 [ 7.4091606 ]
 [ 7.6069984 ]
 [ 7.767887  ]
 [ 3.473476  ]
 [ 8.114955  ]
 [ 6.9723606 ]
 [ 7.0041885 ]
 [ 6.968813  ]
 [ 7.197157  ]
 [ 5.493498  ]
 [ 6.515246  ]
 [ 5.1893845 ]
 [ 5.837869  ]
 [ 6.4995914 ]
 [ 7.3086734 ]
 [ 5.1352663 ]
 [ 6.4059515 ]
 [ 6.6641345 ]
 [ 4.9738026 ]
 [ 6.9746556 ]
 [ 7.8918815 ]
 [ 8.046826  ]
 [ 6.912101  ]
 [ 4.7144117 ]
 [ 5.7796254 ]
 [ 5.505166  ]
 [ 5.9298306 ]
 [ 5.681315  ]
 [ 5.460534  ]
 [ 5.1476493 ]
 [ 5.0288105 ]
 [ 5.2314005 ]
 [ 5.3130217 ]
 [ 5.105961  ]
 [ 5.2216096 ]
 [ 5.388832  ]
 [ 5.050965  ]
 [ 4.165432  ]
 [ 2.3326273 ]
 [ 1.4010309 ]
 [ 4.3730383 ]
 [ 4.761383  ]
 [ 5.0982695 ]
 [ 1.1668972 ]
 [ 2.400318  ]
 [ 3.3268437 ]
 [ 4.9490714 ]
 [ 4.413102  ]
 [ 1.5561731 ]
 [ 1.9080458 ]
 [ 1.0140259 ]
 [ 2.1359534 ]
 [ 3.196796  ]
 [ 3.355165  ]
 [ 1.5565782 ]
 [ 2.5291452 ]
 [ 3.2894018 ]
 [ 2.8985598 ]
 [ 2.2142818 ]
 [ 2.0961785 ]
 [ 3.170056  ]
 [ 1.4482567 ]
 [ 2.8275273 ]
 [ 2.5556705 ]
 [ 2.0178943 ]
 [ 3.6537414 ]
 [ 3.1057055 ]
 [ 2.4560058 ]
 [ 2.8286977 ]
 [ 2.1325138 ]
 [ 3.4570498 ]
 [ 2.6666322 ]
 [ 1.8879349 ]
 [ 2.0675282 ]
 [ 2.1482706 ]
 [ 2.0488966 ]
 [ 1.9390252 ]
 [ 2.3229272 ]
 [ 1.8989958 ]
 [ 1.5709599 ]
 [ 2.8649428 ]
 [ 3.4723878 ]
 [ 3.1177714 ]
 [ 3.4943879 ]
 [ 3.3625596 ]
 [ 2.2808924 ]
 [ 2.1956058 ]
 [ 2.0719097 ]
 [ 2.0967286 ]
 [ 2.8500905 ]
 [ 0.5506519 ]
 [ 2.596934  ]
 [ 1.5381204 ]
 [ 1.5538738 ]
 [ 1.4138134 ]]"
36,IT-SRo,"[[2.0178409]
 [1.0834706]
 [2.3564444]
 ...
 [1.6107708]
 [1.1471552]
 [1.8039782]]"
37,IT-Tor,"[[-0.03425451]
 [-0.05863527]
 [-0.10593993]
 ...
 [-0.17048433]
 [-0.05782158]
 [-0.00771677]]"
38,JP-SMF,"[[1.5884588 ]
 [0.73672104]
 [0.67979896]
 ...
 [1.3660203 ]
 [1.7220939 ]
 [1.8983572 ]]"
39,NL-Hor,"[[0.20301   ]
 [0.29971477]
 [0.23668283]
 ...
 [0.2725572 ]
 [0.4524742 ]
 [0.41077933]]"
40,NL-Loo,"[[0.52668726]
 [0.48188627]
 [0.45739558]
 ...
 [1.0942122 ]
 [1.0358568 ]
 [0.8429954 ]]"
41,RU-Fyo,"[[ 0.10533157]
 [ 0.08801344]
 [ 0.10101804]
 ...
 [-0.18360844]
 [-0.3405005 ]
 [-0.2203559 ]]"
42,US-GLE,"[[ 0.02913189]
 [-0.02110064]
 [ 0.07168123]
 ...
 [ 0.02255118]
 [-0.02123442]
 [ 0.02294844]]"
43,US-Ha1,"[[0.19024466]
 [0.20055813]
 [0.22089654]
 ...
 [0.18746522]
 [0.19058244]
 [0.21797772]]"
44,US-Me2,"[[0.13446626]
 [0.86561   ]
 [1.1247904 ]
 ...
 [0.06799708]
 [0.02205886]
 [3.3978665 ]]"
45,US-MMS,"[[0.17589763]
 [0.22736247]
 [0.19134893]
 ...
 [0.23476821]
 [0.22409329]
 [0.17144573]]"
46,US-PFa,"[[1.0973259]
 [1.1209631]
 [1.3669801]
 ...
 [1.2505229]
 [1.392774 ]
 [1.2762529]]"
47,US-SRG,"[[0.19492999]
 [0.2577372 ]
 [0.3152945 ]
 ...
 [0.16630691]
 [0.22587231]
 [0.25625888]]"
48,US-SRM,"[[0.3102904 ]
 [0.31667417]
 [0.435924  ]
 ...
 [0.14470878]
 [0.17984727]
 [0.2289475 ]]"
49,US-Ton,"[[0.69330347]
 [0.5290226 ]
 [1.1780654 ]
 ...
 [0.55114233]
 [0.40075272]
 [0.430625  ]]"
50,US-UMB,"[[-0.21179461]
 [-0.17784125]
 [-0.359628  ]
 ...
 [-0.32100925]
 [-0.39094338]
 [-0.4978498 ]]"
51,US-UMd,"[[0.436553  ]
 [0.18324456]
 [1.0240806 ]
 ...
 [0.03463547]
 [0.03070961]
 [0.04985571]]"
52,US-Var,"[[1.0952865]
 [1.0330358]
 [1.2639136]
 ...
 [1.9919752]
 [1.5726762]
 [1.804915 ]]"
